{"leftcameramat": [[1030.0992431640625, 0.0, 610.232177734375], [0.0, 1030.0992431640625, 501.40960693359375], [0.0, 0.0, 1.0]], "leftdistortioncoeffs": [0.0, 0.0, 0.0, 0.0, 0.0], "rightcameramat": [[1030.0992431640625, 0.0, 700.0985107421875], [0.0, 1030.0992431640625, 501.40960693359375], [0.0, 0.0, 1.0]], "rightdistortioncoeffs": [0.0, 0.0, 0.0, 0.0, 0.0], "translation": [-0.004127936903387308, 9.999999717180685e-10, 9.999999717180685e-10], "rotation": [9.999999974752427e-07, 0.0, 0.0]}